,flux_a,hlr_a,e1_a,e2_a,x0_a,y0_a,flux_b,hlr_b,e1_b,e2_b,x0_b,y0_b
$\bar\mu$,-7.27069561227,-0.00011347109887,-0.000102336073775,-2.82875402228e-06,-2.92690065957e-05,-7.78764184277e-06,-8.55201333353,8.64309811664e-06,-0.000292268057674,0.000129019509793,-0.000123098672055,-9.18096209985e-05
$\sigma$,173.649233336,0.00534068575894,0.00470858869301,0.00505121818653,0.0072719400383,0.00689760631572,173.187927803,0.00546562644021,0.0048696338044,0.00495982596877,0.00738613712521,0.00720768447266
$\sigma_{\mu}$,5.49127091284,0.000168887312655,0.000148898648348,0.000159733544279,0.000229958935292,0.000218121463608,5.47668315103,0.000172838283907,0.000153991341928,0.000156843468594,0.00023357016426,0.000227926995894
