,flux_a,hlr_a,e1_a,e2_a,x0_a,y0_a,flux_b,hlr_b,e1_b,e2_b,x0_b,y0_b
$\bar\mu$,24896.0952758,0.983815927526,-0.0147546370331,0.000347962178161,-0.710807673309,0.00201759390586,24901.0593644,0.984469241315,-0.0145569318397,0.000420567893374,0.713327466276,-0.000259702441102
$\sigma$,672.130881238,0.0104305949186,0.0107145250837,0.0139303171986,0.146326025517,0.0676962695664,662.906610907,0.0101743242012,0.00995594133883,0.013727760451,0.147939044362,0.06764443039
$\sigma_{\mu}$,21.2546447045,0.000329844372934,0.000338823033115,0.000440515308763,0.00462723521592,0.00214074400927,20.9629476645,0.000321740381288,0.000314834508817,0.000434109901984,0.00467824335051,0.00213910471057
