,flux_a,hlr_a,e1_a,e2_a,x0_a,y0_a,flux_b,hlr_b,e1_b,e2_b,x0_b,y0_b
$\bar\mu$,0.778392490611,0.000132513728707,-0.000174545244735,-0.000164665103426,0.000200680622453,0.000421759292202,-8.70810462444,-0.000174038322306,-0.000124355459714,-0.000364948793406,2.19896747842e-05,-0.000172588224891
$\sigma$,169.832523829,0.00701677178473,0.00619933022587,0.00615066575935,0.00804882542603,0.00797883526432,179.029918935,0.00698706046242,0.0062295163003,0.00629260708934,0.00804239826732,0.00803426390527
$\sigma_{\mu}$,5.37057596074,0.000221889806614,0.000196040034813,0.000194501129259,0.000254526208353,0.000252312925105,5.66142313151,0.000220950252105,0.000196994602301,0.000198989708228,0.000254322963749,0.000254065732635
