,flux_a,hlr_a,e1_a,e2_a,x0_a,y0_a,flux_b,hlr_b,e1_b,e2_b,x0_b,y0_b
$\bar\mu$,-47.3076154619,-0.00856723052752,-0.00821187709854,-0.00024972496627,-0.00430628558232,0.00068370315165,-22.2601137972,-0.00896406465823,-0.00813103513715,-0.000547351860396,0.00193423733898,-0.000481082870155
$\sigma$,579.080074779,0.0114528793716,0.0116603454813,0.0153184099412,0.0835038927758,0.0244953391926,569.788622103,0.0116573296079,0.0116413784627,0.0146691515019,0.0840432335045,0.0238051258288
$\sigma_{\mu}$,18.3121198392,0.000362171845814,0.000368732500253,0.000484410655464,0.00264062494662,0.000774610639071,18.018298307,0.000368637129964,0.00036813271046,0.000463879300882,0.002657680398,0.000752784176058
