,flux_a,hlr_a,e1_a,e2_a,x0_a,y0_a,flux_b,hlr_b,e1_b,e2_b,x0_b,y0_b
$\bar\mu$,25000.7783925,1.00013251373,-0.000174545244735,-0.000164665103426,-0.903599826397,-0.000835570515097,24991.2918954,0.999825961678,-0.000124355459714,-0.000364948793406,0.900559771854,-0.000151257099925
$\sigma$,169.832523827,0.00701677178475,0.00619933022587,0.00615066575935,0.0596629257362,0.0579917621428,179.029918935,0.00698706046243,0.0062295163003,0.00629260708934,0.0575654423365,0.0599036126532
$\sigma_{\mu}$,5.37057596067,0.000221889806614,0.000196040034813,0.000194501129259,0.00188670737196,0.00183386053898,5.66142313149,0.000220950252106,0.000196994602301,0.000198989708228,0.00182037912298,0.00189431856057
