,flux_a,hlr_a,e1_a,e2_a,x0_a,y0_a,flux_b,hlr_b,e1_b,e2_b,x0_b,y0_b
$\bar\mu$,-8.52648739013,-0.000452215610117,0.000152708010423,-0.000105357672444,-2.20763808812e-05,-8.39192029007e-05,-4.21654924763,7.8800544316e-05,-0.000329513531377,3.03788742409e-05,0.000320578232901,-0.000508341782359
$\sigma$,176.629418666,0.00696761675375,0.00613536043821,0.00614861987663,0.00786329639394,0.0078832372215,171.767966661,0.00712599273365,0.00610292074399,0.0063608761277,0.00821420462045,0.00807155955693
$\sigma_{\mu}$,5.58551264775,0.00022033538805,0.000194017132508,0.000194436432767,0.000248659265218,0.000249289849554,5.43178003704,0.000225343676282,0.000192991299305,0.000201148564777,0.000259755957673,0.000255245124696
