,flux_a,hlr_a,e1_a,e2_a,x0_a,y0_a,flux_b,hlr_b,e1_b,e2_b,x0_b,y0_b
$\bar\mu$,24991.4735126,0.99954778439,0.000152708010423,-0.000105357672444,-0.800022076381,-8.39192029007e-05,24995.7834508,1.00007880054,-0.000329513531377,3.03788742409e-05,0.800320578233,-0.000508341782359
$\sigma$,176.629418671,0.00696761675377,0.00613536043821,0.00614861987663,0.00786329639395,0.0078832372215,171.76796666,0.00712599273378,0.00610292074399,0.0063608761277,0.00821420462039,0.00807155955693
$\sigma_{\mu}$,5.58551264793,0.000220335388051,0.000194017132508,0.000194436432767,0.000248659265219,0.000249289849554,5.431780037,0.000225343676285,0.000192991299305,0.000201148564777,0.000259755957671,0.000255245124696
