,flux_a,hlr_a,e1_a,e2_a,x0_a,y0_a,flux_b,hlr_b,e1_b,e2_b,x0_b,y0_b
$\bar\mu$,-0.500277431104,-0.000229770160596,-2.67683829608e-05,0.000106786119721,-0.000127199571873,-0.000446006734954,-9.46381327469,-7.79491174616e-05,4.32953464349e-05,0.000188863093204,-0.000203801113313,-4.69640591614e-05
$\sigma$,165.123830274,0.00529010596687,0.00496604597919,0.00479661034117,0.00705859069103,0.00722719766034,173.885470944,0.00544928368181,0.00478779548929,0.00480832129847,0.00706281341529,0.00707774435504
$\sigma_{\mu}$,5.22167399638,0.00016728783919,0.000157040162594,0.000151682137264,0.000223212236545,0.000228544057069,5.49874140193,0.000172321480509,0.000151403387172,0.000152052470251,0.000223345770811,0.000223817928583
