,flux_a,hlr_a,e1_a,e2_a,x0_a,y0_a,flux_b,hlr_b,e1_b,e2_b,x0_b,y0_b
$\bar\mu$,-150.737990748,-0.0261142757578,-0.026388339894,3.32367580875e-05,-0.0201659201919,8.97982189927e-05,-150.263711675,-0.0262682236848,-0.0266458402602,0.000200159728117,0.0201362179014,8.91545432107e-05
$\sigma$,214.256302521,0.00823325084161,0.00749473018422,0.00781073619881,0.00543740790079,0.00699843673946,214.223967263,0.00835001594442,0.00769504797393,0.00791658515438,0.00543509482408,0.00666518430907
$\sigma_{\mu}$,6.77537919014,0.00026035825207,0.000237004178305,0.00024699716591,0.000171945935339,0.000221310001573,6.77435665949,0.000264050688831,0.000243338783019,0.000250344403785,0.000171872789431,0.000210771634415
