,flux_a,hlr_a,e1_a,e2_a,x0_a,y0_a,flux_b,hlr_b,e1_b,e2_b,x0_b,y0_b
$\bar\mu$,-8.00815000014,-0.000310963045573,-0.000120636052676,-0.000151999620167,-0.000115540117866,0.000199382263317,-3.4601699509,-0.000393994388389,7.1400578385e-05,-5.67242013527e-05,0.000106713272672,-0.000427238189487
$\sigma$,171.997478697,0.00678029469006,0.00631350259932,0.00608202047728,0.00785784646119,0.00797726771958,171.884117158,0.00659014991972,0.00608991370402,0.00613555424491,0.00804025589649,0.00792996824516
$\sigma_{\mu}$,5.4390378449,0.000214411744277,0.000199650482273,0.00019233037484,0.000248486923213,0.000252263354988,5.43545303826,0.000208398838683,0.000192579980586,0.000194023261214,0.000254255216035,0.000250767614275
