,flux_a,hlr_a,e1_a,e2_a,x0_a,y0_a,flux_b,hlr_b,e1_b,e2_b,x0_b,y0_b
$\bar\mu$,24849.2620093,0.973885724242,-0.026388339894,3.32367580875e-05,-0.720165920192,8.97982189927e-05,24849.7362883,0.973731776315,-0.0266458402602,0.000200159728117,0.720136217901,8.91545432107e-05
$\sigma$,214.25630252,0.00823325084163,0.00749473018422,0.00781073619881,0.00543740790084,0.00699843673946,214.22396726,0.00835001594455,0.00769504797393,0.00791658515438,0.0054350948241,0.00666518430907
$\sigma_{\mu}$,6.77537919008,0.00026035825207,0.000237004178305,0.00024699716591,0.000171945935341,0.000221310001573,6.77435665938,0.000264050688835,0.000243338783019,0.000250344403785,0.000171872789431,0.000210771634415
