,flux_a,hlr_a,e1_a,e2_a,x0_a,y0_a,flux_b,hlr_b,e1_b,e2_b,x0_b,y0_b
$\bar\mu$,-10.8504279526,-0.0039071309708,-0.00341924092891,0.000754344841351,-0.00126142723397,-0.000257985757656,-9.66362763133,-0.00396364848163,-0.00379676402999,6.03661499264e-05,0.00109375281844,8.05666728658e-05
$\sigma$,210.581275554,0.00805306647049,0.00710204131481,0.00776729688181,0.00615217444975,0.00759942276437,217.345634309,0.00777523286082,0.00758744600264,0.00764753664811,0.00612921232057,0.00724756975479
$\sigma_{\mu}$,6.65916463336,0.000254660321955,0.000224586265914,0.000245623494092,0.000194548838239,0.000240314848379,6.87307243912,0.000245874451784,0.000239936109919,0.000241836342976,0.000193822711958,0.000229188279261
