,flux_a,hlr_a,e1_a,e2_a,x0_a,y0_a,flux_b,hlr_b,e1_b,e2_b,x0_b,y0_b
$\bar\mu$,24989.149572,0.996092869029,-0.00341924092891,0.000754344841351,-1.00126142723,-0.000257985757656,24990.3363724,0.996036351518,-0.00379676402999,6.03661499264e-05,1.00109375282,8.05666728658e-05
$\sigma$,210.58127555,0.00805306647032,0.00710204131481,0.00776729688181,0.00615217444996,0.00759942276437,217.345634306,0.00777523286071,0.00758744600264,0.00764753664811,0.00612921232031,0.00724756975479
$\sigma_{\mu}$,6.65916463323,0.000254660321949,0.000224586265914,0.000245623494092,0.000194548838246,0.000240314848379,6.87307243902,0.00024587445178,0.000239936109919,0.000241836342976,0.00019382271195,0.000229188279261
