,flux_a,hlr_a,e1_a,e2_a,x0_a,y0_a,flux_b,hlr_b,e1_b,e2_b,x0_b,y0_b
$\bar\mu$,2.34216099416,-0.000200119639385,-0.000110744909131,0.000200562273871,8.67698485935e-05,0.000257360922182,1.43479478524,-0.000265134681811,-0.000173892930294,3.85096387012e-05,0.000160471408004,-0.000532059830471
$\sigma$,171.822244453,0.0069907478689,0.00648330804412,0.00609075281445,0.00826460596266,0.0078147952557,169.155071599,0.00709249894535,0.00614178390099,0.00592477647038,0.00811602341708,0.00780620503128
$\sigma_{\mu}$,5.43349645154,0.000221066858137,0.000205020201919,0.000192606515587,0.000261349788058,0.000247125524559,5.34915304022,0.000224284509696,0.000194220260237,0.000187357882738,0.000256651195412,0.000246853877811
