,flux_a,hlr_a,e1_a,e2_a,x0_a,y0_a,flux_b,hlr_b,e1_b,e2_b,x0_b,y0_b
$\bar\mu$,24989.9156016,0.999431327872,0.000577409457565,2.86192468581e-06,-1.1995176728,0.000150557797108,24991.1279042,0.999265763533,0.000369446334924,3.17024869088e-05,1.19809138194,-0.000261394234165
$\sigma$,460.826587688,0.0110603503472,0.0109588355558,0.0114054402534,0.0665734697945,0.061230938498,456.27496181,0.0110818378107,0.0105418467187,0.0113261965957,0.0689141003669,0.0610700693545
$\sigma_{\mu}$,14.5726162346,0.000349758988166,0.000346548808596,0.000360671689177,0.00210523796291,0.00193629228923,14.4286811863,0.000350438481423,0.000333362463755,0.000358165784693,0.00217925520061,0.00193120516025
