,flux_a,hlr_a,e1_a,e2_a,x0_a,y0_a,flux_b,hlr_b,e1_b,e2_b,x0_b,y0_b
$\bar\mu$,25002.342161,0.999799880361,-0.000110744909131,0.000200562273871,-1.19837224121,0.000189811284143,25001.4347948,0.999734865318,-0.000173892930294,3.85096387012e-05,1.20006941512,-0.000243158054168
$\sigma$,171.822244455,0.0069907478689,0.00648330804412,0.00609075281445,0.0581406291268,0.0594337853229,169.1550716,0.00709249894527,0.00614178390099,0.00592477647038,0.0604664336952,0.0587386184534
$\sigma_{\mu}$,5.4334964516,0.000221066858137,0.000205020201919,0.000192606515587,0.00183856812636,0.00187946131586,5.34915304026,0.000224284509694,0.000194220260237,0.000187357882738,0.00191211652464,0.00185747820924
