,flux_a,hlr_a,e1_a,e2_a,x0_a,y0_a,flux_b,hlr_b,e1_b,e2_b,x0_b,y0_b
$\bar\mu$,29.1120504915,0.000197922610719,0.000126091766568,-0.000290442402613,0.00150194753443,-0.00039029667152,-25.2869658735,-0.000509270897218,-0.000358826930737,-0.000375753291917,0.000838969863417,0.000563335116179
$\sigma$,896.731226613,0.0116789359699,0.0112971005334,0.00774921446008,0.0332537721277,0.0100068037423,901.006587431,0.0117929013977,0.0117442222613,0.00763396937202,0.0335147349006,0.0099274075951
$\sigma_{\mu}$,28.3571312509,0.000369320383122,0.000357245686416,0.00024505167771,0.00105157660716,0.000316442919241,28.492330031,0.000372924286386,0.000371384916931,0.000241407308035,0.00105982897462,0.000313932192614
