,flux_a,hlr_a,e1_a,e2_a,x0_a,y0_a,flux_b,hlr_b,e1_b,e2_b,x0_b,y0_b
$\bar\mu$,24996.443315,0.999722445278,7.36313320342e-05,-1.35561038833e-05,-0.999639282714,-0.00210632598737,24995.3181339,0.999879318001,-0.000139559033643,0.000123609991217,1.00104629385,-0.000110557381892
$\sigma$,170.732684303,0.00565816403454,0.00489303439391,0.00485339775055,0.0581105531055,0.059536233922,172.226957319,0.00563867182798,0.00481266325158,0.00477962607047,0.0585450592367,0.0585265593762
$\sigma_{\mu}$,5.39904153431,0.00017892685724,0.000154731333543,0.000153477912825,0.00183761703905,0.00188270102502,5.44629459609,0.000178310459546,0.000152189774864,0.000151145047466,0.00185135732937,0.00185077231242
