,flux_a,hlr_a,e1_a,e2_a,x0_a,y0_a,flux_b,hlr_b,e1_b,e2_b,x0_b,y0_b
$\bar\mu$,25014.8945224,0.999602343947,0.000225208594825,0.000180886122202,-0.998349475152,-0.00180987257891,24986.2739201,0.998729683799,-0.000292824843211,0.00020646985719,1.00117240853,1.97424995118e-05
$\sigma$,539.270926958,0.00940069953984,0.00937197354185,0.0108041078625,0.0638186734042,0.0613671670843,541.30812735,0.0096002640585,0.0095923279123,0.0109948842325,0.0637486115323,0.0603406959864
$\sigma_{\mu}$,17.053244051,0.000297276221448,0.000296367825631,0.000341655889318,0.00201812365208,0.00194060021539,17.1176659839,0.000303587005639,0.000303336042661,0.000347688767844,0.00201590810115,0.00190814034917
