,flux_a,hlr_a,e1_a,e2_a,x0_a,y0_a,flux_b,hlr_b,e1_b,e2_b,x0_b,y0_b
$\bar\mu$,-14.8932993795,-0.000799446744972,-0.000408374299648,-0.000293967164159,-0.000522262974198,7.66359322557e-05,24.9011920311,-0.000350349394143,0.000160185609977,-6.28168272316e-06,-0.000673528405416,5.62620844577e-05
$\sigma$,1527.48330825,0.0148855277545,0.0148639093656,0.00858072526906,0.0515890375988,0.0124662603166,1516.55189364,0.0148464389369,0.0143782026452,0.00898367440532,0.0514863606212,0.0123051493071
$\sigma_{\mu}$,48.3032634195,0.000470721718779,0.000470038085297,0.000271346358264,0.00163138861108,0.00039421776505,47.9575817374,0.000469485621833,0.000454678690183,0.000284088728782,0.00162814167996,0.000389122987588
