,flux_a,hlr_a,e1_a,e2_a,x0_a,y0_a,flux_b,hlr_b,e1_b,e2_b,x0_b,y0_b
$\bar\mu$,-10.5783680593,-0.000175911079032,0.000174051602642,-9.68284133237e-05,-0.000339084971138,-6.2939325578e-05,7.84641563519,1.71960513512e-05,3.00054468555e-05,0.000141284407631,0.000343174292525,0.000200303439028
$\sigma$,173.531116175,0.00530653649986,0.00486780569204,0.00485498297909,0.00696967747186,0.00718111244404,169.447149261,0.00543267115495,0.0048866432233,0.00487811631636,0.00742453698774,0.00713067033389
$\sigma_{\mu}$,5.48753572024,0.000167807418264,0.00015393353194,0.000153528042153,0.000220400553678,0.000227086714569,5.35838934688,0.000171796146283,0.000154529226982,0.000154259582509,0.000234784474534,0.000225491594989
