,flux_a,hlr_a,e1_a,e2_a,x0_a,y0_a,flux_b,hlr_b,e1_b,e2_b,x0_b,y0_b
$\bar\mu$,-72.5015239619,-0.010470322178,-0.0089311144383,-0.000349243979075,-0.00454693707016,-2.38183260355e-05,4.67008203638,-0.00903296392465,-0.00797912950267,-0.000497112714338,0.00217426692639,0.000262369755224
$\sigma$,558.12940439,0.011005496057,0.0110859537537,0.0145305550322,0.0195731503616,0.0161560586266,564.592346736,0.0110414407872,0.0111258082363,0.0148694627529,0.0201607069364,0.0162789234118
$\sigma_{\mu}$,17.6496014698,0.000348024343203,0.00035056863897,0.000459496495682,0.000618957361274,0.000510899432714,17.8539776518,0.000349161015375,0.000351828948369,0.000470213698822,0.000637537531582,0.000514784758366
