,flux_a,hlr_a,e1_a,e2_a,x0_a,y0_a,flux_b,hlr_b,e1_b,e2_b,x0_b,y0_b
$\bar\mu$,1.14670932857,-0.000498820153107,-3.50233437471e-05,0.000335852538298,0.000259681678362,0.000438601618389,2.75598482127,-0.000392335200545,0.000495999720371,0.000272351486161,-0.000306541736198,-0.000103579999086
$\sigma$,203.129621862,0.00753960019711,0.00702801008729,0.0071497683969,0.00665333467679,0.0077582769886,195.270413753,0.00772974274811,0.00706813796737,0.00723518820656,0.00669961220838,0.0076602675534
$\sigma_{\mu}$,6.42352265333,0.000238423092699,0.000222245192945,0.000226095528769,0.00021039691614,0.000245338260025,6.17499267103,0.000244435928112,0.000223514147932,0.000228796740327,0.000211860340184,0.00024223892955
