,flux_a,hlr_a,e1_a,e2_a,x0_a,y0_a,flux_b,hlr_b,e1_b,e2_b,x0_b,y0_b
$\bar\mu$,24994.697887,0.999984182046,6.49927687098e-05,0.000312812568074,-1.2001863604,-7.41494387181e-05,25004.5660662,0.999971670486,-8.07867203084e-06,0.000224325580354,1.20087328987,0.000270621996794
$\sigma$,175.247882307,0.00723574448851,0.00631905780422,0.0059564371322,0.00803479709448,0.00816842131463,172.119494058,0.00679375544584,0.00629705485026,0.00618742677623,0.00792794488154,0.00848706468026
$\sigma_{\mu}$,5.54182463211,0.000228814331507,0.000199826153276,0.000188359080774,0.000254082593559,0.000258308162421,5.44289630938,0.00021483741075,0.000199130358778,0.000195663614684,0.000250703629899,0.000268384550388
