,flux_a,hlr_a,e1_a,e2_a,x0_a,y0_a,flux_b,hlr_b,e1_b,e2_b,x0_b,y0_b
$\bar\mu$,0.200294053561,-0.000341043388076,0.000101679416956,-6.38876173425e-05,0.000119496335083,0.000314442180348,-2.13761568191,-0.000327383443106,1.39420901447e-05,0.000155197268784,-7.2823136022e-06,5.05944901551e-05
$\sigma$,171.645659049,0.00553553907494,0.00492683064271,0.00504084107862,0.00710255282322,0.00735476041862,167.311677862,0.00549962365072,0.00480828466701,0.00482027705107,0.00722316342495,0.00670188530727
$\sigma_{\mu}$,5.42791233076,0.000175049115537,0.000155800064769,0.000159405391314,0.00022460244123,0.000232577945677,5.29085981188,0.0001739133701,0.000152051311862,0.000152430544344,0.000228416483345,0.000211932221882
