,flux_a,hlr_a,e1_a,e2_a,x0_a,y0_a,flux_b,hlr_b,e1_b,e2_b,x0_b,y0_b
$\bar\mu$,25000.2002941,0.999658956612,0.000101679416956,-6.38876173425e-05,-1.09988050366,0.000314442180348,24997.8623843,0.999672616557,1.39420901447e-05,0.000155197268784,1.09999271769,5.05944901551e-05
$\sigma$,171.645659053,0.00553553907505,0.00492683064271,0.00504084107862,0.00710255282311,0.00735476041862,167.311677866,0.00549962365086,0.00480828466701,0.00482027705107,0.00722316342488,0.00670188530727
$\sigma_{\mu}$,5.42791233087,0.00017504911554,0.000155800064769,0.000159405391314,0.000224602441227,0.000232577945677,5.29085981201,0.000173913370104,0.000152051311862,0.000152430544344,0.000228416483342,0.000211932221882
