,flux_a,hlr_a,e1_a,e2_a,x0_a,y0_a,flux_b,hlr_b,e1_b,e2_b,x0_b,y0_b
$\bar\mu$,2.89716239105,-0.000399227246503,9.76596191327e-05,0.000141233772098,-0.000225504689995,-0.000107307656489,4.53565886364,-9.78897388893e-05,6.87810735916e-05,0.000274070768105,-0.000102196755431,4.24396874314e-05
$\sigma$,175.161892531,0.0054812246029,0.00489100087185,0.00492882913883,0.00717436777465,0.00678991226625,174.224692366,0.00532302665648,0.00483542212702,0.00461974037242,0.00692922287647,0.00731895781257
$\sigma_{\mu}$,5.53910539662,0.000173331541121,0.000154667027929,0.000155863262765,0.000226873429396,0.000214715878741,5.5094685252,0.000168328882803,0.000152909473698,0.000146089017755,0.000219121267046,0.000231445767864
