,flux_a,hlr_a,e1_a,e2_a,x0_a,y0_a,flux_b,hlr_b,e1_b,e2_b,x0_b,y0_b
$\bar\mu$,-14.8901478462,-0.000173502272747,0.000405080667975,0.000211053327942,-0.000182250218908,9.47715437663e-05,2.08703229533,0.000222848460462,0.00103692728196,0.000101065355003,-0.00026990760048,-0.00037011433439
$\sigma$,450.055400391,0.00928581344046,0.00905691786579,0.0084557097476,0.0228247876134,0.0120953680763,455.497206281,0.00945353398646,0.00935306547011,0.00816859091036,0.0235446695819,0.012312531583
$\sigma_{\mu}$,14.2320013849,0.000293643203993,0.00028640489037,0.000267393020357,0.000721783159681,0.000382489122591,14.4040863969,0.00029894699335,0.000295769899902,0.000258313525509,0.000744547826349,0.00038935643565
