,flux_a,hlr_a,e1_a,e2_a,x0_a,y0_a,flux_b,hlr_b,e1_b,e2_b,x0_b,y0_b
$\bar\mu$,25002.8971624,0.999600772753,9.76596191327e-05,0.000141233772098,-1.19868451575,-0.000174857294528,25004.5356589,0.999902110261,6.87810735916e-05,0.000274070768105,1.19980674696,0.000331341463734
$\sigma$,175.161892535,0.00548122460263,0.00489100087185,0.00492882913883,0.0579470845027,0.0591270157633,174.22469237,0.00532302665647,0.00483542212702,0.00461974037242,0.0597533922351,0.0588019876116
$\sigma_{\mu}$,5.53910539675,0.000173331541113,0.000154667027929,0.000155863262765,0.00183244770795,0.00186976041061,5.50946852531,0.000168328882802,0.000152909473698,0.000146089017755,0.00188956817384,0.00185948211798
