,flux_a,hlr_a,e1_a,e2_a,x0_a,y0_a,flux_b,hlr_b,e1_b,e2_b,x0_b,y0_b
$\bar\mu$,31.7326121194,0.000599294493482,0.000981275471442,0.000320306211126,-0.000779929798398,1.16152335056e-05,-40.2514354989,-0.000495351045279,-4.96891769407e-05,-0.000141904208924,-0.000339187860683,0.000249162425825
$\sigma$,372.820078205,0.00785666789044,0.00781135314061,0.0057396879891,0.00930952336121,0.00976236336026,374.615450342,0.00826775857831,0.00785531401521,0.00571105227643,0.0094594659876,0.00987107967973
$\sigma_{\mu}$,11.7896060457,0.000248449653533,0.000247016675322,0.000181504871043,0.00029439297752,0.000308713035646,11.8463806977,0.000261449482519,0.000248406840239,0.000180599330298,0.000299134579697,0.00031215094753
