,flux_a,hlr_a,e1_a,e2_a,x0_a,y0_a,flux_b,hlr_b,e1_b,e2_b,x0_b,y0_b
$\bar\mu$,24999.0786563,0.999798812834,-0.000269413868305,5.88136411403e-05,-1.20009118612,0.000123857852213,25003.4926521,0.999754983367,-0.000129441974224,-0.000339213246758,1.20009538062,-6.61421836077e-05
$\sigma$,173.132143099,0.00550835988077,0.00474075447558,0.00491264050754,0.00704711883314,0.00726703236174,179.178652372,0.00551108527118,0.00495433453123,0.00498039367914,0.0070758543185,0.00701146155372
$\sigma_{\mu}$,5.4749190838,0.000174189633951,0.000149915819705,0.000155351333294,0.000222849464546,0.000229803740933,5.66612649576,0.000174275818363,0.000156669814091,0.000157493876704,0.00022375816038,0.000221721882364
