,flux_a,hlr_a,e1_a,e2_a,x0_a,y0_a,flux_b,hlr_b,e1_b,e2_b,x0_b,y0_b
$\bar\mu$,-5.30630284242,-0.000153423668203,1.12341886019e-05,7.03915890165e-05,0.000420788467449,0.000151052953271,-9.68251171001,-0.000400352490486,-2.17676862914e-05,0.000230549682245,1.23804833043e-05,4.96031360757e-05
$\sigma$,167.185840888,0.00549159165096,0.00477726645817,0.00482737068495,0.00684473158919,0.00736263887812,173.5564997,0.00551868135833,0.00473533062484,0.00487016505855,0.00715823162842,0.00737256964299
$\sigma_{\mu}$,5.28688049736,0.000173659375966,0.000151070429973,0.000152654864744,0.000216449417944,0.000232827084442,5.48833841777,0.00017451602773,0.000149744302484,0.00015400814166,0.000226363159649,0.000233141122801
