,flux_a,hlr_a,e1_a,e2_a,x0_a,y0_a,flux_b,hlr_b,e1_b,e2_b,x0_b,y0_b
$\bar\mu$,24986.0961552,0.99980895978,1.41719779932e-05,-0.000192971573331,-1.09962615773,-0.00179391915663,25016.3477153,1.00013305847,0.000502695673413,-0.00026714814163,1.09636739467,-0.00206271865041
$\sigma$,576.988674925,0.00957010908646,0.00942827202001,0.00675097824462,0.0617696614387,0.0582388629592,564.873772352,0.00944360168585,0.00950666149445,0.00700235787807,0.0616822373281,0.0607208693578
$\sigma_{\mu}$,18.2459839689,0.000302633421695,0.000298148139829,0.000213484676872,0.00195332820444,0.0018416745529,17.8628771113,0.000298632906427,0.000300627032667,0.000221433998863,0.00195056361132,0.00192016248676
