,flux_a,hlr_a,e1_a,e2_a,x0_a,y0_a,flux_b,hlr_b,e1_b,e2_b,x0_b,y0_b
$\bar\mu$,25001.1359097,1.00016351174,0.00125147053286,-0.000176318680498,-1.0983870749,-0.00181820259427,24986.9470482,0.999745221533,0.000673149033309,-0.000432484376233,1.09638010939,-0.00214324635762
$\sigma$,516.297073276,0.00986930978933,0.00914561378449,0.00976189836187,0.0650323983413,0.0600903649918,508.147932503,0.00965864518615,0.00935668563743,0.0098059804462,0.0660785154108,0.0629924134321
$\sigma_{\mu}$,16.3267470083,0.000312094978681,0.000289209701592,0.000308698331106,0.00205650500462,0.00190022418805,16.0690485502,0.000305433178997,0.000295884379645,0.000310092329011,0.00208958613101,0.00199199501757
