,flux_a,hlr_a,e1_a,e2_a,x0_a,y0_a,flux_b,hlr_b,e1_b,e2_b,x0_b,y0_b
$\bar\mu$,-0.777261807723,-0.000144514944516,-0.000137663961378,-0.00018932250369,5.23644632254e-05,5.48084411136e-05,-6.97466181859,-0.000478109929219,8.6990121691e-05,0.000274064171471,5.96163641259e-05,0.000211097631942
$\sigma$,169.808068048,0.00524803598158,0.00489602935476,0.00497434630175,0.00696313817217,0.00734757819383,171.724422035,0.00551395228809,0.00484354274001,0.00486860991797,0.00721815836215,0.00739729878207
$\sigma_{\mu}$,5.36980260104,0.000165957469443,0.000154826042521,0.00015730264184,0.000220193762865,0.000232350823787,5.43040303505,0.000174366481399,0.000153166270028,0.000153958963797,0.000228258209362,0.000233923126841
