,flux_a,hlr_a,e1_a,e2_a,x0_a,y0_a,flux_b,hlr_b,e1_b,e2_b,x0_b,y0_b
$\bar\mu$,24999.2227382,0.999855485055,-0.000137663961378,-0.00018932250369,-0.798133356185,0.000561364975735,24993.0253382,0.999521890071,8.6990121691e-05,0.000274064171471,0.798707699568,-0.000871715619871
$\sigma$,169.808068045,0.00524803598122,0.00489602935476,0.00497434630175,0.0570621365141,0.0585284733321,171.724422034,0.00551395228816,0.00484354274001,0.00486860991797,0.0581005614456,0.0583978830565
$\sigma_{\mu}$,5.36980260095,0.000165957469432,0.000154826042521,0.00015730264184,0.0018044631954,0.00185083283702,5.43040303505,0.000174366481401,0.000153166270028,0.000153958963797,0.00183730107503,0.00184670320991
