,flux_a,hlr_a,e1_a,e2_a,x0_a,y0_a,flux_b,hlr_b,e1_b,e2_b,x0_b,y0_b
$\bar\mu$,-7.87485435021,-0.000113894608697,0.000111851908009,-0.000202565755359,0.000134871570986,0.000444310934571,-9.92081426965,-0.000185264689707,1.05289802848e-05,-1.30879968355e-05,-0.000175730182378,5.89758892981e-05
$\sigma$,173.343076911,0.00543729598934,0.0048914844336,0.00494057338586,0.00709674017171,0.00730791595044,177.84880562,0.0054512295029,0.00476596173892,0.00485006587029,0.00712401098832,0.00697255692023
$\sigma_{\mu}$,5.48158939661,0.000171942396388,0.000154682319494,0.000156234648465,0.00022441862905,0.000231096593525,5.624073049,0.000172383012775,0.000150712943362,0.00015337254952,0.000225281007991,0.000220491609831
