,flux_a,hlr_a,e1_a,e2_a,x0_a,y0_a,flux_b,hlr_b,e1_b,e2_b,x0_b,y0_b
$\bar\mu$,24982.437085,0.9999458219,0.000725733061467,0.00016918503177,-1.1987342476,0.000189889930015,24995.1858051,1.00028275473,0.00118084554721,0.000394650635869,1.19901932677,-2.64702086521e-05
$\sigma$,444.926009771,0.00929126902945,0.00930733026798,0.00817535260093,0.0615753093335,0.0608609899324,454.796422522,0.0095481306738,0.00900336144394,0.00825033429374,0.0649205803975,0.0596577031694
$\sigma_{\mu}$,14.0697958113,0.000293815724864,0.000294323625823,0.000258527348939,0.00194718225123,0.00192459348839,14.3819256687,0.000301938403261,0.000284711287606,0.00026089847826,0.00205296901076,0.0018865422199
