,flux_a,hlr_a,e1_a,e2_a,x0_a,y0_a,flux_b,hlr_b,e1_b,e2_b,x0_b,y0_b
$\bar\mu$,24976.0517786,0.996341711963,-0.00248092772289,-0.000226369747214,-0.905293608511,-0.00166839397944,24999.5561924,0.99659760397,-0.00256041914739,-4.63314160612e-05,0.900182387636,0.000111050671638
$\sigma$,601.030982801,0.0100007272191,0.0100095453445,0.0125003684688,0.0812977991672,0.0626535786647,610.914294843,0.00988136033232,0.00959752003585,0.0120226055825,0.078283102259,0.065204704901
$\sigma_{\mu}$,19.0062684998,0.000316250762704,0.000316529616315,0.000395296359527,0.00257086214127,0.00198128012141,19.3188062686,0.00031247605031,0.000303500232024,0.000380188170504,0.00247552905442,0.00206195381646
