,flux_a,hlr_a,e1_a,e2_a,x0_a,y0_a,flux_b,hlr_b,e1_b,e2_b,x0_b,y0_b
$\bar\mu$,24982.0698367,0.999218589731,5.24844638455e-05,-0.000276449401761,-1.19892530908,0.000408967607111,25012.7374801,1.00011134547,0.000567084167994,-0.000124194482592,1.20007196834,-3.90923656902e-05
$\sigma$,520.111453453,0.0116110755292,0.0113696898638,0.00815741555211,0.0238031542937,0.0106782482096,520.371884853,0.0114519057925,0.0111648711745,0.00795937694947,0.0232790694916,0.0110083088001
$\sigma_{\mu}$,16.4473683005,0.000367174447564,0.000359541162594,0.000257960129651,0.000752721830646,0.000337675857628,16.4556038645,0.000362141058541,0.000353064226939,0.000251697599162,0.000736148814029,0.000348113289947
