,flux_a,hlr_a,e1_a,e2_a,x0_a,y0_a,flux_b,hlr_b,e1_b,e2_b,x0_b,y0_b
$\bar\mu$,25001.862827,0.999967940119,0.000167241851281,-0.00013702339117,-1.19956000589,8.21152018365e-05,25001.5218308,0.999699005652,6.98665047395e-05,-0.000130566844916,1.19979989737,-9.4053079642e-05
$\sigma$,171.209081342,0.00706050601247,0.00618667173612,0.00608182302339,0.00813131234307,0.00805499397326,173.223402843,0.00645778090506,0.00639003827915,0.00617046688225,0.00773587560789,0.00786104004102
$\sigma_{\mu}$,5.41410653147,0.000223272804327,0.000195639738219,0.0001923241308,0.000257134673703,0.000254721274944,5.47780497027,0.000204212962903,0.000202070752978,0.000195127295745,0.000244629866167,0.000248587913074
