,flux_a,hlr_a,e1_a,e2_a,x0_a,y0_a,flux_b,hlr_b,e1_b,e2_b,x0_b,y0_b
$\bar\mu$,-6.17338588616,-6.61365069638e-05,5.25487262189e-06,-5.96590294197e-05,-0.000276757241617,-0.000441198060555,-3.9259190706,-0.000184583550571,-0.000141724216259,0.00016499846443,0.000156399185887,-0.000116554487163
$\sigma$,168.596506646,0.00534865365164,0.00475424660117,0.00482666872627,0.00723660735688,0.00723148450064,174.937260203,0.0054932426466,0.00489630811714,0.00482705088332,0.00734909031268,0.00706527400112
$\sigma_{\mu}$,5.33148966548,0.000169139279546,0.000150342478178,0.000152632666861,0.000228841617801,0.000228679618862,5.53200189871,0.000173711585032,0.000154834857761,0.000152644751728,0.000232398641183,0.000223423581367
