,flux_a,hlr_a,e1_a,e2_a,x0_a,y0_a,flux_b,hlr_b,e1_b,e2_b,x0_b,y0_b
$\bar\mu$,24987.4303386,0.998593770085,-0.000766680239439,0.000296011176362,-0.999969189604,0.000126013616918,25003.0922604,0.999006464283,-0.000694395045608,0.000693556182004,1.00001746522,0.00056531116728
$\sigma$,203.475344247,0.00612295397471,0.00562320392676,0.00565335416866,0.00575678295541,0.00675926702736,199.472637706,0.00633992549993,0.00557782434334,0.00558502538836,0.00588367684131,0.0068130920148
$\sigma_{\mu}$,6.43445535507,0.000193624805685,0.000177821321562,0.000178774755926,0.000182045461343,0.000213746791197,6.30787866032,0.000200486047756,0.000176386293133,0.000176614010171,0.000186058198349,0.000215448886751
