,flux_a,hlr_a,e1_a,e2_a,x0_a,y0_a,flux_b,hlr_b,e1_b,e2_b,x0_b,y0_b
$\bar\mu$,-77.7526928805,-0.0163155273637,-0.0152671729186,0.000220530358602,-0.00984118718604,0.000238743502803,-128.633596397,-0.0165152938441,-0.0153559074381,0.000247880062747,0.0111691897908,0.000269156777465
$\sigma$,657.757133392,0.00993518303281,0.00986620682238,0.0142015831166,0.0194045842081,0.0183883898932,662.551032345,0.00995205077727,0.00985556816964,0.0142432841716,0.0190738090167,0.0187327191633
$\sigma_{\mu}$,20.8001068874,0.000314178073544,0.00031199685425,0.000449093490288,0.000613626831462,0.000581491945658,20.9517032831,0.000314711478458,0.000311660430511,0.000450412193433,0.000603166801479,0.000592380593242
