,flux_a,hlr_a,e1_a,e2_a,x0_a,y0_a,flux_b,hlr_b,e1_b,e2_b,x0_b,y0_b
$\bar\mu$,24995.9319433,0.999734236576,0.000167620787165,6.84542507313e-05,-0.699061545174,0.00138144387518,24997.4704507,1.00001567341,7.23974711971e-05,-2.42355044982e-05,0.700098861431,-0.00088935516501
$\sigma$,178.733079733,0.00559888367435,0.00483216890778,0.00497064362601,0.0589813192934,0.0593536441381,173.303492205,0.00523292560386,0.00494727219946,0.00499340944308,0.0597562030116,0.0576196129328
$\sigma_{\mu}$,5.65203625174,0.000177052247653,0.000152806597872,0.000157185552952,0.00186515308369,0.00187692702907,5.48033761827,0.000165479637344,0.000156446483551,0.000157905471299,0.0018896570584,0.00182209214765
