,flux_a,hlr_a,e1_a,e2_a,x0_a,y0_a,flux_b,hlr_b,e1_b,e2_b,x0_b,y0_b
$\bar\mu$,24922.2473071,0.983684472636,-0.0152671729186,0.000220530358602,-0.708798107731,0.00187964937123,24871.3664036,0.983484706156,-0.0153559074381,0.000247880062747,0.711357545149,-0.000522561032623
$\sigma$,657.757133392,0.00993518303301,0.00986620682238,0.0142015831166,0.063153301522,0.0645590147139,662.551032346,0.00995205077722,0.00985556816964,0.0142432841716,0.0631216358213,0.0632592865323
$\sigma_{\mu}$,20.8001068874,0.00031417807355,0.00031199685425,0.000449093490288,0.00199708274569,0.00204153529992,20.9517032831,0.000314711478457,0.000311660430511,0.000450412193433,0.00199608138831,0.00200043428599
