,flux_a,hlr_a,e1_a,e2_a,x0_a,y0_a,flux_b,hlr_b,e1_b,e2_b,x0_b,y0_b
$\bar\mu$,-17.8280900191,-0.000582966668283,0.000262108493542,4.16635053299e-05,-0.0001489369101,-7.06009271667e-07,-6.38464340082,-0.000377720469958,7.70896553062e-05,-0.000248439998749,-0.000239322474336,-0.000134783457857
$\sigma$,177.829281721,0.0066252343083,0.00591332853887,0.00617392790496,0.00794842941475,0.00832975255704,169.9722862,0.00688628207864,0.0060895092786,0.0061179299667,0.0078144517157,0.00823996865415
$\sigma_{\mu}$,5.62345564909,0.000209508304465,0.000186995867357,0.000195236742894,0.000251351407717,0.000263409904259,5.37499563498,0.000217763359789,0.000192567191531,0.000193465932602,0.00024711466087,0.000260570687955
