,flux_a,hlr_a,e1_a,e2_a,x0_a,y0_a,flux_b,hlr_b,e1_b,e2_b,x0_b,y0_b
$\bar\mu$,-2.75689901511,-0.000291066603782,2.4698319307e-05,-1.99309637465e-05,-0.000235428279296,0.000180770723555,-0.933314636007,-0.00012533760712,0.000110500824269,2.7049872239e-05,0.000161905219502,-0.000223367117451
$\sigma$,171.312828857,0.00650796410396,0.00620234823714,0.00603164871483,0.00811676779338,0.0081585782743,171.9189872,0.00686733790499,0.00617247725027,0.00652380358742,0.00836379813494,0.00771083951833
$\sigma_{\mu}$,5.41738731595,0.000205799894991,0.000196135472709,0.000190737479849,0.000256674734658,0.000257996898156,5.43655572581,0.000217164292418,0.000195190869164,0.000206300783438,0.000264486519963,0.0002438381555
