,flux_a,hlr_a,e1_a,e2_a,x0_a,y0_a,flux_b,hlr_b,e1_b,e2_b,x0_b,y0_b
$\bar\mu$,24997.243101,0.999708933396,2.4698319307e-05,-1.99309637465e-05,-1.10023542828,0.000180770723555,24999.0666854,0.999874662393,0.000110500824269,2.7049872239e-05,1.10016190522,-0.000223367117451
$\sigma$,171.312828859,0.00650796410389,0.00620234823714,0.00603164871483,0.00811676779335,0.0081585782743,171.918987196,0.00686733790499,0.00617247725027,0.00652380358742,0.00836379813515,0.00771083951833
$\sigma_{\mu}$,5.41738731602,0.000205799894989,0.000196135472709,0.000190737479849,0.000256674734657,0.000257996898156,5.43655572569,0.000217164292418,0.000195190869164,0.000206300783438,0.00026448651997,0.0002438381555
