,flux_a,hlr_a,e1_a,e2_a,x0_a,y0_a,flux_b,hlr_b,e1_b,e2_b,x0_b,y0_b
$\bar\mu$,24984.3508151,0.999531643926,0.000113042440123,-5.51561216342e-05,-0.900107142477,0.000269138175878,24991.7122647,0.999838995374,-4.36948699476e-05,7.18617909263e-05,0.900210082417,7.21334241939e-05
$\sigma$,172.096910872,0.00567672923076,0.00488729898332,0.00491627837793,0.00741903822409,0.0070558909235,170.625035995,0.00548665163047,0.00497441586132,0.00487709817759,0.00733438639346,0.00711442428553
$\sigma_{\mu}$,5.44218216633,0.000179513940293,0.000154549963935,0.000155466372857,0.00023461058836,0.0002231268624,5.39563739593,0.000173503158802,0.000157304841506,0.000154227386134,0.000231933662431,0.000224977849831
