,flux_a,hlr_a,e1_a,e2_a,x0_a,y0_a,flux_b,hlr_b,e1_b,e2_b,x0_b,y0_b
$\bar\mu$,-9.75370861543,-0.00339738284078,-0.00354130475235,0.000331835698411,-0.000774874207069,-0.000101053990422,-9.51492298058,-0.00335486522535,-0.00294615582865,-0.000123606187261,0.000821752627971,-5.85641972086e-05
$\sigma$,212.072232972,0.0060093862831,0.00604761359372,0.00591041461197,0.0054391758127,0.00654885571475,210.295047449,0.006338122825,0.00611780827683,0.00601349053493,0.00545971027778,0.00668074572919
$\sigma_{\mu}$,6.7063128467,0.000190033479944,0.000191242333648,0.000186903720898,0.000172001841622,0.000207093001264,6.65011330592,0.000200429042169,0.00019346208443,0.000190163267783,0.000172651198424,0.000211263729727
