,flux_a,hlr_a,e1_a,e2_a,x0_a,y0_a,flux_b,hlr_b,e1_b,e2_b,x0_b,y0_b
$\bar\mu$,25003.9939812,0.999871646962,-0.000135931207155,8.34666503865e-05,-0.900173673678,-0.000256349449673,24997.648098,0.999971281576,-0.000266315450032,-0.000276704099436,0.900420266093,-0.000130894330897
$\sigma$,169.309753641,0.00545387578111,0.00515125501326,0.00479074880732,0.00738400908928,0.00705911042594,172.866861896,0.00532009010953,0.00492153182482,0.00473548500718,0.00678296657355,0.00716533877936
$\sigma_{\mu}$,5.35404451589,0.000172466695439,0.000162896986503,0.000151496779289,0.000233502869855,0.000223228672006,5.46653015556,0.000168236021035,0.000155632501434,0.000149749184483,0.000214496236652,0.000226587907495
