,flux_a,hlr_a,e1_a,e2_a,x0_a,y0_a,flux_b,hlr_b,e1_b,e2_b,x0_b,y0_b
$\bar\mu$,-5.58803390884,-0.00015359129012,-0.00015455087945,6.58313423989e-05,3.92150043857e-05,-1.36216597036e-05,0.0714247308649,-0.00045082875126,0.000295211540404,6.59541574791e-05,0.000388765739163,-2.90057005973e-05
$\sigma$,167.846293905,0.00654027884397,0.00643852942122,0.00623321942732,0.0081999999276,0.00807993018527,173.84233666,0.00671238470093,0.00599661294639,0.00604636152018,0.00808372118965,0.00817285698002
$\sigma_{\mu}$,5.30776585559,0.000206821776796,0.000203604177531,0.000197111705459,0.000259306765844,0.000255509827206,5.49737737611,0.000212264241862,0.000189629551571,0.000191202739606,0.000255629709291,0.000258448430477
