,flux_a,hlr_a,e1_a,e2_a,x0_a,y0_a,flux_b,hlr_b,e1_b,e2_b,x0_b,y0_b
$\bar\mu$,24992.6428447,0.998331393935,-0.00017486777155,-7.94216135725e-05,-1.09958744105,-0.00200619301535,25005.5084395,0.998529519178,-0.000407076456684,-0.000462637844191,1.09628395011,-0.00203142438282
$\sigma$,517.397116083,0.011397699808,0.0110745001269,0.0127603726134,0.063112865486,0.0603947463817,514.160186225,0.0110334579232,0.0106526230747,0.0127832076724,0.0652720460697,0.0625197399364
$\sigma_{\mu}$,16.3615334162,0.0003604269148,0.000350206443488,0.000403518412507,0.00199580404596,0.00190984957275,16.2591727065,0.000348908575048,0.000336865519713,0.000404240520478,0.0020640833312,0.0019770477692
