,flux_a,hlr_a,e1_a,e2_a,x0_a,y0_a,flux_b,hlr_b,e1_b,e2_b,x0_b,y0_b
$\bar\mu$,24994.4119661,0.99984640871,-0.00015455087945,6.58313423989e-05,-1.09922354805,-0.00186354464848,25000.0714247,0.999549171249,0.000295211540404,6.59541574791e-05,1.09776013593,-0.00191264375181
$\sigma$,167.846293905,0.00654027884386,0.00643852942122,0.00623321942732,0.0577487921163,0.0577144870731,173.842336656,0.00671238470088,0.00599661294639,0.00604636152018,0.0581509647076,0.0602621950885
$\sigma_{\mu}$,5.30776585559,0.000206821776792,0.000203604177531,0.000197111705459,0.00182617715211,0.00182509233139,5.49737737599,0.00021226424186,0.000189629551571,0.000191202739606,0.00183889496612,0.00190565793281
