,flux_a,hlr_a,e1_a,e2_a,x0_a,y0_a,flux_b,hlr_b,e1_b,e2_b,x0_b,y0_b
$\bar\mu$,0.795429928466,-0.000173449292001,-0.000252952370387,8.8834580337e-05,0.000126943047616,-0.000212255297117,-2.59290013357,-6.41115834404e-05,-0.000104080918784,1.86389718258e-05,-0.000127949904578,6.81809795021e-05
$\sigma$,176.215121013,0.00698662457887,0.00617863402567,0.00606592468151,0.00816331465977,0.0079783927754,177.839851163,0.00693328326674,0.00615342897382,0.00628719123243,0.00806915051719,0.00804924727447
$\sigma_{\mu}$,5.57241140565,0.000220936468257,0.000195385563497,0.000191821381086,0.000258146675815,0.000252298932377,5.6237898842,0.00021924966786,0.000194588509774,0.000198818443795,0.000255168944171,0.000254539548372
