,flux_a,hlr_a,e1_a,e2_a,x0_a,y0_a,flux_b,hlr_b,e1_b,e2_b,x0_b,y0_b
$\bar\mu$,-10.4828256698,-0.00439581630716,-0.00305305398186,0.000337390369074,-0.000573033030101,0.000561577891715,-11.7031018778,-0.00468170843108,-0.00335801473834,0.000577680168517,0.000974229589928,-0.00144601852318
$\sigma$,539.555209694,0.0110376893901,0.0112268654809,0.0139908040211,0.0565586789524,0.0201430740054,538.964237284,0.0116752747564,0.0111277101873,0.0140656421129,0.0561429326679,0.0198733551914
$\sigma_{\mu}$,17.0622338604,0.000349042385783,0.000355024659041,0.000442428070037,0.0017885424694,0.000636979929343,17.0435456719,0.000369204605384,0.000351889093341,0.000444794658295,0.00177539541752,0.000628450671542
