,flux_a,hlr_a,e1_a,e2_a,x0_a,y0_a,flux_b,hlr_b,e1_b,e2_b,x0_b,y0_b
$\bar\mu$,-0.100818426672,0.000242545581566,-0.000153940076827,9.78491464406e-05,5.70658228094e-05,-6.72838102243e-05,1.70972979826,-0.000269660932755,-0.000260052276446,0.000212029367032,3.50168748316e-05,-0.000156993573171
$\sigma$,175.530609845,0.00525659383668,0.00466624638164,0.00504106252826,0.00708597314181,0.00719234361588,168.090233936,0.00556851652134,0.00476497284763,0.00495793173066,0.00728055788257,0.00727779393668
$\sigma_{\mu}$,5.55076526189,0.000166228092583,0.000147559666895,0.000159412394166,0.000224078145669,0.000227441875407,5.31547991667,0.000176091953957,0.000150681671874,0.000156783567525,0.000230231455456,0.000230144051813
