,flux_a,hlr_a,e1_a,e2_a,x0_a,y0_a,flux_b,hlr_b,e1_b,e2_b,x0_b,y0_b
$\bar\mu$,4.46648668365,-0.000191850251935,0.000378917186895,4.46939498948e-05,-6.2566730381e-05,0.000250808922399,-15.2433144619,-0.000376821756969,-0.000141331786156,1.12286306274e-05,-7.98320408995e-05,0.000279197717798
$\sigma$,194.5639949,0.00594998626998,0.00536621950112,0.00548117004378,0.00608744704294,0.00692434960806,191.109299537,0.00595623017492,0.00546349121371,0.00571510833664,0.00587845953811,0.00672239040717
$\sigma_{\mu}$,6.15265374546,0.000188155086599,0.00016969476048,0.00017332981581,0.000192501977913,0.000218967160768,6.04340668575,0.00018835253621,0.000172770762116,0.000180727594184,0.000185893212736,0.000212580650075
