,flux_a,hlr_a,e1_a,e2_a,x0_a,y0_a,flux_b,hlr_b,e1_b,e2_b,x0_b,y0_b
$\bar\mu$,25004.4664867,0.999808149748,0.000378917186895,4.46939498948e-05,-1.10006256673,0.000250808922399,24984.7566855,0.999623178243,-0.000141331786156,1.12286306274e-05,1.09992016796,0.000279197717798
$\sigma$,194.563994902,0.00594998627002,0.00536621950112,0.00548117004378,0.00608744704309,0.00692434960806,191.109299533,0.0059562301749,0.00546349121371,0.00571510833664,0.00587845953787,0.00672239040717
$\sigma_{\mu}$,6.15265374551,0.0001881550866,0.00016969476048,0.00017332981581,0.000192501977918,0.000218967160768,6.04340668565,0.000188352536209,0.000172770762116,0.000180727594184,0.000185893212728,0.000212580650075
