,flux_a,hlr_a,e1_a,e2_a,x0_a,y0_a,flux_b,hlr_b,e1_b,e2_b,x0_b,y0_b
$\bar\mu$,-7.13299015121,-0.000269138620264,-0.000183838575324,-0.000164899786801,0.000125470538852,-6.07462635039e-05,7.157350709,-2.53370765754e-05,6.55721770069e-05,-0.000197626231605,4.23141567727e-05,-2.06121514995e-05
$\sigma$,180.949260448,0.00678329290467,0.0064147967701,0.00614060344907,0.00833065267964,0.00828300580502,176.342689497,0.00688199474499,0.00638458965228,0.00616419947931,0.00800787362266,0.00797583496361
$\sigma_{\mu}$,5.72211803938,0.000214506556148,0.000202853685206,0.00019418293107,0.000263438368635,0.000261931642163,5.57644547532,0.000217627782395,0.000201898452268,0.000194929103063,0.000253231198624,0.000252218047266
