,flux_a,hlr_a,e1_a,e2_a,x0_a,y0_a,flux_b,hlr_b,e1_b,e2_b,x0_b,y0_b
$\bar\mu$,24812.3573673,0.996869501507,-0.00283404472126,-0.000510630916971,-0.805344157366,0.000301896609409,25181.4478506,0.999776865761,-2.51406260676e-05,-0.00043668170799,0.794243038126,-0.00109996241791
$\sigma$,4122.2395453,0.0298823964509,0.0297937767613,0.0159096256775,0.140006349711,0.0636854475754,4104.14407337,0.0296347527157,0.0293887226969,0.0154803850789,0.137643040053,0.0633327445051
$\sigma_{\mu}$,130.35666024,0.000944964347289,0.000942161946642,0.000503106538616,0.00442738951972,0.00201391068146,129.784431173,0.000937133164776,0.000929353012454,0.000489532759057,0.00435265510636,0.00200275723106
