,flux_a,hlr_a,e1_a,e2_a,x0_a,y0_a,flux_b,hlr_b,e1_b,e2_b,x0_b,y0_b
$\bar\mu$,24992.8670098,0.99973086138,-0.000183838575324,-0.000164899786801,-0.798060250109,0.000445810271118,25007.1573507,0.999974662923,6.55721770069e-05,-0.000197626231605,0.798690397361,-0.00110342540331
$\sigma$,180.949260446,0.00678329290467,0.0064147967701,0.00614060344907,0.0575788364339,0.0592593707854,176.342689501,0.00688199474497,0.00638458965228,0.00616419947931,0.0584145849606,0.0582419402716
$\sigma_{\mu}$,5.72211803932,0.000214506556148,0.000202853685206,0.00019418293107,0.00182080268153,0.0018739458439,5.57644547542,0.000217627782394,0.000201898452268,0.000194929103063,0.00184723137049,0.00184177186606
