,flux_a,hlr_a,e1_a,e2_a,x0_a,y0_a,flux_b,hlr_b,e1_b,e2_b,x0_b,y0_b
$\bar\mu$,-6.54795869181,-3.76279954492e-05,-2.26694767358e-05,1.01976115987e-05,4.32887140814e-05,0.000109940234759,0.846636971613,-0.000391640085748,0.000341606341524,-0.00015802492716,-0.000549871366113,2.13707347331e-05
$\sigma$,178.103199367,0.00708149014651,0.00622959383031,0.00626013899715,0.00837919461291,0.00799005900049,169.419124453,0.0066104006047,0.00629906221306,0.00607116943422,0.00827204255267,0.00809856273541
$\sigma_{\mu}$,5.63211768562,0.00022393638091,0.000196997054015,0.000197962977002,0.000264973399346,0.000252667850807,5.35750312462,0.00020903922157,0.000199193837164,0.000191987234729,0.000261584953683,0.000256099040177
