,flux_a,hlr_a,e1_a,e2_a,x0_a,y0_a,flux_b,hlr_b,e1_b,e2_b,x0_b,y0_b
$\bar\mu$,-2.76284181342,-0.00346189113741,-0.00305432024955,-0.000477417345312,-0.00139962222423,4.3132447903e-06,-18.6149749173,-0.00425708710682,-0.00346491644093,-0.000601693058833,4.61555448239e-06,-4.96134086097e-06
$\sigma$,623.869240709,0.011415306616,0.011275475227,0.00998218181361,0.0599425579702,0.0106607834644,631.332087392,0.0111534955067,0.0109068814599,0.0101522437924,0.0586298164048,0.0111983981101
$\sigma_{\mu}$,19.7284776276,0.000360983690959,0.00035656183418,0.000315664305489,0.00189555011962,0.000337123573894,19.9644735611,0.000352704496737,0.000344905875827,0.000321042137454,0.00185403758637,0.000354124441733
