,flux_a,hlr_a,e1_a,e2_a,x0_a,y0_a,flux_b,hlr_b,e1_b,e2_b,x0_b,y0_b
$\bar\mu$,24993.4520413,0.999962372005,-2.26694767358e-05,1.01976115987e-05,-0.999956711286,0.000109940234759,25000.846637,0.999608359914,0.000341606341524,-0.00015802492716,0.999450128634,2.13707347331e-05
$\sigma$,178.103199362,0.00708149014642,0.00622959383031,0.00626013899715,0.00837919461276,0.00799005900049,169.419124452,0.00661040060465,0.00629906221306,0.00607116943422,0.00827204255251,0.00809856273541
$\sigma_{\mu}$,5.63211768546,0.000223936380907,0.000196997054015,0.000197962977002,0.000264973399341,0.000252667850807,5.35750312459,0.000209039221569,0.000199193837164,0.000191987234729,0.000261584953678,0.000256099040177
