,flux_a,hlr_a,e1_a,e2_a,x0_a,y0_a,flux_b,hlr_b,e1_b,e2_b,x0_b,y0_b
$\bar\mu$,24912.436751,0.983276659773,-0.015968820446,0.000271232130787,-0.815182539357,0.00129025640305,24927.3920164,0.983109542522,-0.0159215695357,0.000504495243225,0.803896921254,-0.00096310103427
$\sigma$,594.77551766,0.0122681950988,0.0122786489409,0.015134857007,0.140126100669,0.067017166928,599.063772316,0.0120887573279,0.0119677372596,0.0155608225138,0.137550842905,0.0673670382672
$\sigma_{\mu}$,18.8084533231,0.000387954392914,0.000388284972429,0.00047860620203,0.00443117637752,0.00211926889824,18.9440598421,0.000382280072371,0.000378453081787,0.000492076414092,0.00434973957654,0.00213033280144
