,flux_a,hlr_a,e1_a,e2_a,x0_a,y0_a,flux_b,hlr_b,e1_b,e2_b,x0_b,y0_b
$\bar\mu$,-3.98551392688,-0.000193326982387,1.15449329068e-05,0.000698403240689,-0.000196803191306,0.00044715446755,-4.10072833111,-0.00011535978852,-0.000330524427036,1.51759734792e-06,-1.695896829e-05,0.00013795594245
$\sigma$,165.423311685,0.00677728010789,0.00597195639055,0.00579931408403,0.00809137531291,0.00805234258814,173.44695874,0.00683037365786,0.00624672962914,0.00629769714503,0.00767999217555,0.0081604867098
$\sigma_{\mu}$,5.23114443014,0.000214316414819,0.000188849842813,0.000183390413722,0.000255871753921,0.000254637430785,5.48487442848,0.000215995380289,0.000197538935554,0.000199150669922,0.00024286267687,0.000258057248185
