,flux_a,hlr_a,e1_a,e2_a,x0_a,y0_a,flux_b,hlr_b,e1_b,e2_b,x0_b,y0_b
$\bar\mu$,8.2701876951,-0.00123660259142,-0.000124766872768,-0.000303543803084,0.000264956853915,-0.000605997634134,-25.7802436012,-0.00175812926354,-0.000136311808142,9.50798094777e-05,-9.61701703767e-05,0.00033633222396
$\sigma$,504.219205871,0.0112024401342,0.0109623310734,0.0129161258058,0.042775423532,0.0167656271586,517.766691173,0.01109972494,0.011177016756,0.0132669843503,0.0436536197066,0.0169639039353
$\sigma_{\mu}$,15.9448113055,0.000354252261756,0.000346659346569,0.000408443760917,0.00135267766239,0.000530175682224,16.3732204068,0.000351004122117,0.000353448303948,0.000419538882287,0.00138044866384,0.00053644574444
