,flux_a,hlr_a,e1_a,e2_a,x0_a,y0_a,flux_b,hlr_b,e1_b,e2_b,x0_b,y0_b
$\bar\mu$,24994.0939507,0.999804065021,8.55099670394e-05,1.88056187269e-05,-1.09949559676,-0.00163154872956,24993.9648372,0.999887718484,7.17268827741e-05,3.77719083709e-05,1.0977086437,-0.00215203267313
$\sigma$,166.204890517,0.0070360935147,0.00612002281714,0.00616362000832,0.0578595641322,0.0575534003156,171.027307908,0.00696885751876,0.00639355172597,0.00624790416776,0.0587588108149,0.060475617373
$\sigma_{\mu}$,5.25586012293,0.000222500813364,0.000193532114344,0.000194910778581,0.00182968007082,0.00181999832085,5.40835835078,0.000220374624485,0.000202181857922,0.000197576077726,0.00185811674778,0.00191240693803
