,flux_a,hlr_a,e1_a,e2_a,x0_a,y0_a,flux_b,hlr_b,e1_b,e2_b,x0_b,y0_b
$\bar\mu$,-3.06721144358,-0.000266816634125,0.000309052951359,1.71929563569e-05,-1.71991939288e-06,0.000268837038602,-7.56698228914,-0.000244868336607,0.000313161260842,0.000272337095614,-0.000320899882716,-0.000381850627989
$\sigma$,173.750875343,0.0067739393663,0.00629494538117,0.00627432277071,0.008200786173,0.00813749933534,172.231247649,0.00706734389528,0.00593986314528,0.00611639396936,0.00796420196707,0.00798687452352
$\sigma_{\mu}$,5.49448511531,0.000214210771294,0.000199063651508,0.000198411507305,0.000259331629107,0.000257330323578,5.44643026823,0.000223489037168,0.000187834965288,0.000193417360101,0.000251850179615,0.000252567148803
