,flux_a,hlr_a,e1_a,e2_a,x0_a,y0_a,flux_b,hlr_b,e1_b,e2_b,x0_b,y0_b
$\bar\mu$,24864.304256,0.974984519871,-0.0245987141035,-0.00028127216513,-0.729791971343,0.00148291175775,24856.1214236,0.974526493771,-0.0247968136681,-0.000527246908751,0.719829709861,-0.00119320985528
$\sigma$,616.191809264,0.0119987391359,0.0122037423791,0.0158870116689,0.223115900231,0.0788724230899,612.247104017,0.0122405016613,0.0121734691116,0.016454522145,0.22346918923,0.077662685478
$\sigma_{\mu}$,19.4856959281,0.000379433447195,0.00038591621896,0.000502391420873,0.00705554426929,0.0024941650154,19.3609533954,0.000387078649529,0.000384958894184,0.000520337677879,0.00706671624838,0.00245590975316
