,flux_a,hlr_a,e1_a,e2_a,x0_a,y0_a,flux_b,hlr_b,e1_b,e2_b,x0_b,y0_b
$\bar\mu$,-3.64404868495,-0.000106780030562,-9.25816742493e-05,8.12264149784e-05,0.000102530977667,4.99795600202e-05,-7.17239678504,0.000117710266698,0.000146464828123,3.33386415894e-05,0.000120665446859,7.26284892847e-05
$\sigma$,174.38522033,0.00539620599356,0.00478594132065,0.00477635310609,0.00700734677299,0.00710064651057,167.332353531,0.00541684518028,0.00498387495899,0.00477128011212,0.00724814379951,0.00711723230179
$\sigma_{\mu}$,5.51454486514,0.000170643016631,0.000151344753212,0.000151041547245,0.000221591761573,0.000224542158331,5.29151363393,0.000171295685022,0.000157603964439,0.00015088112509,0.000229206432149,0.000225066647102
