,flux_a,hlr_a,e1_a,e2_a,x0_a,y0_a,flux_b,hlr_b,e1_b,e2_b,x0_b,y0_b
$\bar\mu$,-102.215695722,-0.0151733878135,-0.0151440582304,6.21933355476e-05,-0.00990078679131,-2.42564128406e-05,-104.169404029,-0.0155930757748,-0.0151401349391,-0.000111848265958,0.0130157625941,-0.000129997627844
$\sigma$,762.870353538,0.00983057799041,0.00932400836599,0.0120136367229,0.124989837273,0.0174546050766,774.220846317,0.00946475696678,0.00951000290291,0.0115905025128,0.125848428103,0.0170876557301
$\sigma_{\mu}$,24.124078766,0.000310870171656,0.00029485103359,0.000379904550263,0.00395252570157,0.000551963077007,24.4830128634,0.00029930189515,0.00030073269728,0.000366523871665,0.00397967672756,0.000540359119799
