,flux_a,hlr_a,e1_a,e2_a,x0_a,y0_a,flux_b,hlr_b,e1_b,e2_b,x0_b,y0_b
$\bar\mu$,24996.3559513,0.999893219969,-9.25816742493e-05,8.12264149784e-05,-0.699897469022,4.99795600202e-05,24992.8276032,1.00011771027,0.000146464828123,3.33386415894e-05,0.700120665447,7.26284892847e-05
$\sigma$,174.385220332,0.0053962059933,0.00478594132065,0.00477635310609,0.00700734677312,0.00710064651057,167.332353533,0.00541684517987,0.00498387495899,0.00477128011212,0.00724814379956,0.00711723230179
$\sigma_{\mu}$,5.51454486518,0.000170643016623,0.000151344753212,0.000151041547245,0.000221591761577,0.000224542158331,5.291513634,0.000171295685009,0.000157603964439,0.00015088112509,0.000229206432151,0.000225066647102
