,flux_a,hlr_a,e1_a,e2_a,x0_a,y0_a,flux_b,hlr_b,e1_b,e2_b,x0_b,y0_b
$\bar\mu$,-9.8956165071,-0.000139623463719,0.000369669513105,-0.000163122993233,-0.000164634380016,-0.000216563611179,4.05760581029,-1.25812098461e-05,0.000334379122364,-0.000175312244386,7.76136426389e-05,4.9842066962e-05
$\sigma$,191.564160742,0.00564326648472,0.00526113760584,0.00554044966878,0.00624858413059,0.00689361401627,192.410617741,0.00600066592547,0.00547324400728,0.00566131068,0.00625912951002,0.00685744672877
$\sigma_{\mu}$,6.05779066004,0.00017845575535,0.00016637177918,0.000175204402149,0.000197597580038,0.000217995216015,6.08455798063,0.000189757718022,0.000173079172529,0.000179026362906,0.000197931054216,0.000216851505962
