,flux_a,hlr_a,e1_a,e2_a,x0_a,y0_a,flux_b,hlr_b,e1_b,e2_b,x0_b,y0_b
$\bar\mu$,-4.35685169907,0.000110008793105,5.42328871606e-05,-3.37812905407e-06,-0.000307705871789,-0.000160951810858,-3.60307072359,-0.000391307743309,0.000123064785479,8.84533912599e-05,0.000206917770077,-0.000288965050851
$\sigma$,176.413766196,0.00545720242652,0.00474770736821,0.00489485853215,0.00696866924263,0.00728929604656,166.291869048,0.0054006886411,0.00485317265371,0.00500150033461,0.00740078955801,0.00722819675914
$\sigma_{\mu}$,5.57869311789,0.000172571893204,0.000150135689475,0.000154789017859,0.000220368670671,0.000230507780464,5.25861062559,0.000170784770393,0.000153470794638,0.000158161327755,0.000234033514869,0.000228575651347
