,flux_a,hlr_a,e1_a,e2_a,x0_a,y0_a,flux_b,hlr_b,e1_b,e2_b,x0_b,y0_b
$\bar\mu$,24995.6431483,1.00011000879,5.42328871606e-05,-3.37812905407e-06,-0.800307705872,-0.000160951810858,24996.3969293,0.999608692257,0.000123064785479,8.84533912599e-05,0.80020691777,-0.000288965050851
$\sigma$,176.413766197,0.00545720242658,0.00474770736821,0.00489485853215,0.00696866924255,0.00728929604656,166.291869047,0.00540068864111,0.00485317265371,0.00500150033461,0.00740078955806,0.00722819675914
$\sigma_{\mu}$,5.57869311792,0.000172571893206,0.000150135689475,0.000154789017859,0.000220368670668,0.000230507780464,5.25861062554,0.000170784770393,0.000153470794638,0.000158161327755,0.00023403351487,0.000228575651347
