,flux_a,hlr_a,e1_a,e2_a,x0_a,y0_a,flux_b,hlr_b,e1_b,e2_b,x0_b,y0_b
$\bar\mu$,24995.0210169,0.999717613912,0.000213366549916,-0.000281039888309,-1.09948143177,-0.000189394251829,24988.3711831,0.999666012706,-0.000248795842387,0.000120173237445,1.09987888138,-0.000254642401208
$\sigma$,172.856419199,0.00719207375017,0.00607507204587,0.00613184998005,0.00815858045192,0.00845857689093,173.379780447,0.00675688721612,0.00626927977924,0.00616835054302,0.00792042047623,0.00840133823415
$\sigma_{\mu}$,5.4661999285,0.000227433341505,0.000192110646146,0.000193906122074,0.000257996967018,0.00026748368739,5.48275006432,0.000213671534958,0.000198252033912,0.000195060371223,0.000250465687311,0.000265673642134
