,flux_a,hlr_a,e1_a,e2_a,x0_a,y0_a,flux_b,hlr_b,e1_b,e2_b,x0_b,y0_b
$\bar\mu$,-13.9464537291,-0.000611552806252,-3.10342795607e-05,0.000514866138988,-8.21330341472e-05,0.000548939814355,6.75083687701,-0.000299169702472,0.000889200939599,4.87342895934e-05,-0.00102053179165,-0.000181824444266
$\sigma$,463.500819601,0.0107600869498,0.0106765542866,0.0114106683268,0.0184891105964,0.0109908479488,455.631554354,0.0110570015357,0.0107578353537,0.0116058302665,0.0185695542614,0.0108263322645
$\sigma_{\mu}$,14.6571828729,0.000340263825829,0.00033762229108,0.000360837015374,0.000584677013953,0.000347561129349,14.408334856,0.000349653089449,0.000340192624109,0.000367008577794,0.000587220866,0.000342358686615
