,flux_a,hlr_a,e1_a,e2_a,x0_a,y0_a,flux_b,hlr_b,e1_b,e2_b,x0_b,y0_b
$\bar\mu$,24965.1921073,0.999328146287,-6.84236629509e-05,2.23414523904e-05,-1.19985301634,-0.00029767629893,25030.1280425,1.00008289944,0.00015006088253,-0.000304646549101,1.19869880784,-4.99114158975e-05
$\sigma$,613.517881248,0.012185978657,0.0122527916525,0.00877376898602,0.0631944440676,0.0593998719669,625.824810473,0.0126162810783,0.0122572448664,0.00865649623564,0.0658865946723,0.0590659892378
$\sigma_{\mu}$,19.4011388999,0.000385354480744,0.000387467293173,0.0002774509366,0.00199838378722,0.00187838888138,19.7903181734,0.000398961838084,0.000387608116163,0.000273742446613,0.00208351706437,0.00186783058242
