,flux_a,hlr_a,e1_a,e2_a,x0_a,y0_a,flux_b,hlr_b,e1_b,e2_b,x0_b,y0_b
$\bar\mu$,-22.8479456299,-0.000503011772636,0.000645795282523,-0.000137026529832,-0.000241193560527,-0.000241801910983,6.50047591486,7.83088798328e-05,0.00131325982838,1.25865233171e-05,-0.00114920981336,-7.54968383211e-05
$\sigma$,510.451335967,0.00968968665899,0.00964955159162,0.010005115227,0.0179308789161,0.010258492603,511.173415876,0.00973219274586,0.00941250668449,0.00987550705645,0.0181826908681,0.0100074850036
$\sigma_{\mu}$,16.1418885633,0.000306414796558,0.000305145614288,0.000316389523698,0.000567024178237,0.000324402019854,16.164722735,0.000307758957047,0.000297649596145,0.000312290953475,0.000574987171338,0.000316464462613
