,flux_a,hlr_a,e1_a,e2_a,x0_a,y0_a,flux_b,hlr_b,e1_b,e2_b,x0_b,y0_b
$\bar\mu$,16.2615756587,-0.00400121191651,-0.00265702896785,0.000100834904773,0.000503311264266,-0.000257569774797,-24.813757646,-0.00387816360568,-0.00309514696935,0.000436030414545,0.00112095653269,-7.63133796855e-05
$\sigma$,523.900715056,0.0109751339382,0.0112489584086,0.0136244828496,0.0198689595827,0.0138780584969,534.890835356,0.0117053769597,0.0110486680511,0.0137131606132,0.0199003878098,0.0142516453893
$\sigma_{\mu}$,16.5671952737,0.000347064208702,0.000355723298757,0.000430843977465,0.000628311670193,0.000438862743511,16.9147333927,0.000370156520635,0.000349389561525,0.000433648214574,0.000629305517996,0.000450676598351
