,flux_a,hlr_a,e1_a,e2_a,x0_a,y0_a,flux_b,hlr_b,e1_b,e2_b,x0_b,y0_b
$\bar\mu$,-13.7019796798,-0.000482371560128,-6.84590690607e-05,0.000101908682923,0.000331666169985,-8.54030591719e-05,-4.60446893934,-0.00053756124856,-0.000146774094168,0.000180407188234,0.000241420895604,2.23496758632e-05
$\sigma$,175.086745956,0.00696395303607,0.00616114508171,0.00610142882605,0.00792107089504,0.0080090633073,179.378394227,0.00700152963714,0.00608175847783,0.00617786893846,0.00831039180062,0.00794705254781
$\sigma_{\mu}$,5.53672905329,0.000220219531124,0.000194832514529,0.000192944120717,0.00025048625536,0.000253268819756,5.67244288781,0.000221407807585,0.00019232208969,0.000195361369315,0.000262797663383,0.000251307867361
