,flux_a,hlr_a,e1_a,e2_a,x0_a,y0_a,flux_b,hlr_b,e1_b,e2_b,x0_b,y0_b
$\bar\mu$,24939.6138593,0.991066264571,-0.00875034610051,-8.79582968032e-05,-0.904605629215,0.000344863118773,25007.612022,0.991939350491,-0.00791179847824,0.000189680337372,0.902298890536,-0.00039301278099
$\sigma$,677.975177777,0.0116315003035,0.0109730947154,0.0122770164662,0.0823149877506,0.0116923530671,669.854888942,0.0113999278784,0.0108875279789,0.0119765040382,0.0824279096603,0.0114660947942
$\sigma_{\mu}$,21.4394575883,0.000367820335639,0.000346999722814,0.000388233349046,0.00260302846861,0.000369744668988,21.1826715086,0.000360497372575,0.000344293865022,0.000378730311668,0.00260659937293,0.000362589754172
