,flux_a,hlr_a,e1_a,e2_a,x0_a,y0_a,flux_b,hlr_b,e1_b,e2_b,x0_b,y0_b
$\bar\mu$,-11.7160318261,-0.00051393321344,0.000102504952691,-0.000303997585361,-4.82589579621e-05,0.000315366093645,-0.612105970967,-8.57389752681e-05,-0.00024164560849,8.95464057596e-05,-4.8302783087e-05,0.000238945964583
$\sigma$,171.731627201,0.00698850655274,0.00642028892588,0.00619681060233,0.00836641223009,0.00808654110239,173.943912595,0.00721744094479,0.00633648189315,0.00601959479956,0.00798673454306,0.007745354977
$\sigma_{\mu}$,5.43063088242,0.000220995981497,0.000203027362421,0.00019596035732,0.00026456918491,0.000255718882761,5.50058948922,0.000228235522633,0.000200377151348,0.000190356301579,0.000252562722232,0.000244929630138
