,flux_a,hlr_a,e1_a,e2_a,x0_a,y0_a,flux_b,hlr_b,e1_b,e2_b,x0_b,y0_b
$\bar\mu$,24879.1178328,0.973900735129,-0.025280170225,-4.3796773269e-05,-0.718289181416,0.00126471514197,24830.5926797,0.973350465903,-0.0259000801322,-1.19817006911e-05,0.720654807264,-0.00056734185112
$\sigma$,614.107580447,0.0118216160205,0.0120110893853,0.0164218568798,0.0623287835764,0.0655652720539,612.888275238,0.0112419713098,0.0116512168035,0.0165417682192,0.0627961530338,0.0639989944989
$\sigma_{\mu}$,19.4197868259,0.000373832322486,0.000379823996375,0.000519304711494,0.00197100919889,0.00207335595099,19.3812290096,0.000355502347292,0.000368443826115,0.000523096640991,0.00198578871883,0.00202382590577
