,flux_a,hlr_a,e1_a,e2_a,x0_a,y0_a,flux_b,hlr_b,e1_b,e2_b,x0_b,y0_b
$\bar\mu$,24988.2839682,0.999486066787,0.000102504952691,-0.000303997585361,-0.699005179502,0.00195627196207,24999.387894,0.999914261025,-0.00024164560849,8.95464057596e-05,0.700140052575,-0.000552771845505
$\sigma$,171.731627208,0.00698850655296,0.00642028892588,0.00619681060233,0.059627641043,0.0592071295126,173.9439126,0.00721744094487,0.00633648189315,0.00601959479956,0.0598922128342,0.0578742445717
$\sigma_{\mu}$,5.43063088264,0.000220995981504,0.000203027362421,0.00019596035732,0.00188559157199,0.0018722938298,5.50058948938,0.000228235522635,0.000200377151348,0.000190356301579,0.00189395806664,0.00183014430708
