,flux_a,hlr_a,e1_a,e2_a,x0_a,y0_a,flux_b,hlr_b,e1_b,e2_b,x0_b,y0_b
$\bar\mu$,-5.1787858489,-0.00150134862757,-0.000517115319404,-1.68236715949e-05,0.00174780680742,0.000444574337504,-12.3648626687,-0.00149031054373,-0.000328501193001,0.000175008389915,0.000858748590369,0.000537169690846
$\sigma$,538.126162845,0.00946798982,0.00961409107613,0.0107964526227,0.0385778431603,0.0146425787502,532.545801013,0.00953167856444,0.00921821178771,0.0109308352915,0.0384166675976,0.0149157659404
$\sigma_{\mu}$,17.0170434312,0.000299404126945,0.000304024254329,0.000341413809378,0.00121993851603,0.000463038996689,16.8405768956,0.000301418141882,0.00029150545203,0.000345663362494,0.00121484169722,0.000471677934178
